Difference (cm^-1),Computational Frequency (cm^-1),Scaled Computational Frequency (cm^-1),Selected Experimental Frequency (cm^-1),Computational Intensity,Computational Relative Intensity,Computational Reduced Mass,Computational Frequency Constant
11.572743100000025,896.3599,868.5727431,857,107.2682,1,1.688,0.7991
17.23894109999992,585.9019,567.7389410999999,550.5,31.7308,0.2958,3.0576,0.6184
20.401058200000307,1338.4922,1296.9989417999998,1317.4,22.8391,0.2129,3.8281,4.0408
22.46986290000018,1150.1859,1114.5301370999998,1137,10.7932,0.1006,1.2888,1.0046
6.789510099999916,1415.6971,1371.81049,1378.6,266.1106,0.6066,7.4407,8.7863
8.406384900000035,911.1521,882.9063849,874.5,116.7748,0.2662,1.6258,0.7952
1.2854839999999967,1672.564,1620.714516,1622,64.3384,0.48,8.2611,13.6161
4.7850883,1338.8907,1297.3850882999998,1292.6,76.0562,0.5674,4.1453,4.3782
7.727494899999897,884.3421,856.9274948999999,849.2,40.6421,0.3032,2.0113,0.9267
11.283787200000006,1491.4512,1445.216213,1456.5,15.6934,0.1171,6.3171,8.2792
2.908036400000128,1386.6956,1343.708036,1340.8,910.5212,1,9.0969,10.3063
16.93594139999982,1238.5594,1200.164059,1217.1,136.6695,0.1501,1.7488,1.5806
17.174616200000173,1199.5102,1162.3253837999998,1179.5,183.0409,0.201,1.7091,1.4489
9.137789300000009,787.6803,763.2622107,772.4,159.9002,1,1.3569,0.496
21.77837210000007,1402.4991,1359.0216278999999,1380.8,52.2638,0.3269,2.5939,3.0061
51.021891199999914,823.9648,798.4218911999999,747.4,29.1191,0.1821,4.6354,1.8542
1.4253159999998388,1334.236,1292.8746840000001,1294.3,835.1933,0.7726,5.9188,6.2079
2.593371500000103,1107.4235,1073.093372,1070.5,486.4241,0.45,4.2065,3.0395
7.869922699999961,1382.5283,1339.669923,1331.8,138.1012,0.1278,9.8143,11.0524
12.720063400000072,1236.8214,1198.479937,1211.2,723.4844,0.6693,1.6958,1.5284
3.891354200000478,3190.3082,3091.4086457999997,3095.3,93.8643,1,1.0951,6.5672
6.188496600000121,858.9386,832.3115033999999,838.5,59.0454,0.6291,1.6637,0.7232
8.557159599999977,1376.4116,1333.74284,1342.3,11.7892,0.1256,4.7059,5.2528
10.011644300000171,1635.3853,1584.6883556999999,1594.7,13.8468,0.1475,6.9514,10.9537
1.7224836999998843,837.8973,811.9224836999999,810.2,11.2821,0.1204,1.7592,0.7277
3.3099253000000317,782.1363,757.8900747,761.2,55.0154,0.5872,1.7416,0.6277
8.301779000000124,1454.491,1409.401779,1401.1,26.9536,0.2877,5.0945,6.35
11.31699709999998,855.1259,828.6169970999999,817.3,39.647,0.4232,1.6046,0.6913
4.484844000000066,1444.876,1400.084844,1395.6,14.0906,0.1653,3.738,4.5978
5.422673099999884,787.3299,762.9226730999999,757.5,57.8626,0.6787,1.3199,0.4821
8.557297199999994,1658.6612,1607.242703,1615.8,9.2466,0.1085,6.3729,10.33
12.812032799999884,852.2312,825.8120327999999,813,53.3098,0.6253,1.6537,0.7076
1.4822524999999587,1648.0725,1596.982253,1595.5,6.9613,0.1052,6.1101,9.778
2.0553637999998955,1333.0698,1291.744636,1293.8,12.792,0.1934,2.6072,2.7298
2.1243532999997115,3179.0757,3080.524353,3078.4,7.2475,0.1096,1.0902,6.4914
2.7298170999998774,808.9059,783.8298170999999,781.1,11.9332,0.1804,2.2876,0.8819
0.9223279999999932,780.312,756.122328,755.2,89.6418,1,1.4159,0.5079
1.679448900000125,1063.5919,1030.6205510999998,1032.3,11.3502,0.1266,2.2839,1.5223
2.3987268999999287,773.2701,749.2987268999999,746.9,46.8712,0.5229,1.3356,0.4705
2.662204499999916,1638.1195,1587.337796,1590,14.8991,0.1662,6.3949,10.1105
1.588871299999937,1451.8977,1406.888871,1405.3,45.1882,0.3056,4.0186,4.9911
3.3071314999999686,782.4635,758.2071315,754.9,147.8548,1,1.3164,0.4749
13.555001700000048,3182.7193,3084.055002,3070.5,21.5473,0.1457,1.0895,6.5026
14.42633550000005,1440.2205,1395.573665,1410,25.7153,0.1739,4.4185,5.3999
1.4075868,1428.6972,1384.407587,1383,45.2054,0.5099,3.7889,4.5567
1.719137499999988,781.2375,757.0191374999999,755.3,86.6049,0.9768,1.354,0.4869
4.633213299999852,1522.0157,1474.833213,1470.2,10.5967,0.1195,3.5419,4.8342
5.839740500000062,635.9755,616.2602595,622.1,13.0318,0.147,7.6776,1.8296
0.3675619000000552,1477.9851,1432.167562,1431.8,23.4639,0.2345,3.4909,4.4929
1.4501116999999795,1401.9093,1358.450112,1357,36.0101,0.3599,3.7946,4.394
3.027869600000031,1195.1784,1158.12787,1155.1,18.7669,0.1876,1.5738,1.3245
3.254207800000131,1482.1938,1436.2457921999999,1439.5,93.7133,0.9367,4.4118,5.7105
2.7120531000000483,782.6501,758.3879469,761.1,146.5776,1,1.3704,0.4946
6.671049799999764,1359.5758,1317.4289502000001,1324.1,19.1768,0.1308,4.0549,4.4161
10.527898199999981,1076.1322,1042.772102,1053.3,17.3571,0.1184,2.1176,1.4449
12.619238099999848,819.2149,793.8192380999999,781.2,20.7527,0.1416,2.0803,0.8226
0.2263769000001048,3190.1201,3091.226377,3091,91.0004,1,1.0952,6.5671
0.4035602999997536,3178.2213,3079.69644,3080.1,24.9493,0.2742,1.0902,6.4882
0.47872910000000957,781.4461,757.2212709,757.7,57.8191,0.6354,1.7139,0.6167
1.4871255999998994,839.2024,813.1871256,811.7,31.4592,0.3457,1.7271,0.7167
4.064655099999868,753.0079,729.6646550999999,725.6,61.5315,1,1.192,0.3982
6.765813600000001,489.9544,474.7658136,468,20.1036,0.3267,2.3616,0.334
14.835730300000023,921.7087,893.1357303,878.3,36.0245,0.5855,1.4556,0.7286
1.5418514000000414,773.8306,749.8418514,748.3,69.8588,0.25,1.171,0.4131
2.358898000000181,1452.158,1407.1411019999998,1409.5,185.782,0.6648,5.5745,6.9261
5.1961336000001666,1401.2344,1357.796134,1352.6,279.4589,1,8.505,9.8389
6.977077800000188,1581.9638,1532.922922,1539.9,94.1121,0.3368,4.3174,6.3659
1.4771511999999802,1147.4952,1111.922849,1113.4,15.8255,0.1441,1.2373,0.9599
4.832425799999896,842.0718,815.9675742000001,820.8,15.7749,0.1437,5.2585,2.1969
5.292883200000006,781.9328,757.6928832,752.4,109.8098,1,1.2935,0.466
6.416400199999998,609.3742,590.4835998,596.9,13.5598,0.1235,7.1045,1.5544
5.246591200000012,1410.2648,1366.546591,1361.3,91.8831,0.1601,2.8924,3.3893
5.862486199999921,785.7198,761.3624861999999,755.5,101.8146,0.1774,1.2661,0.4605
19.186234300000024,1336.7247,1295.286234,1276.1,573.8234,1,6.1121,6.4347
23.235008799999832,1416.1352,1372.2350087999998,1349,454.415,0.7919,11.5556,13.6537
0.10365379999996094,746.3402,723.2036538,723.1,102.8724,0.1709,1.2779,0.4194
4.735399500000085,1370.9645,1328.464601,1333.2,602.0097,1,11.1047,12.2973
8.912008799999967,3149.1352,3051.512009,3042.6,111.369,0.185,1.0895,6.3658
0.8959743,1593.1847,1543.795974,1542.9,9.5829,0.2374,4.5677,6.8309
2.390114399999902,924.7576,896.0901144,893.7,27.2168,0.6744,2.3816,1.2
3.8039486000000124,834.3694,808.5039486000001,804.7,8.823,0.2186,4.52,1.854
3.942054399999961,1274.9824,1235.4579456000001,1239.4,4.3384,0.1075,1.7263,1.6533
2.8716417000000547,1470.7207,1425.128358,1428,47.4263,0.2289,4.6074,5.8718
3.0149073999998564,1398.0546,1354.714907,1351.7,92.0129,0.444,5.8808,6.7723
6.908995000000118,1014.645,983.1910049999999,990.1,50.9681,0.2459,6.4681,3.9233
11.659527599999933,729.0604,706.4595275999999,694.8,37.1561,0.1793,2.2934,0.7182
3.0498965999998973,761.6614,738.0498965999999,735,65.8271,1,1.4095,0.4818
6.467116099999998,845.4769,819.2671161,812.8,32.3814,0.4919,1.4064,0.5923
10.45942530000002,903.3637,875.3594253,864.9,8.1071,0.1232,1.6243,0.781
17.45105340000009,1489.1114,1442.948947,1460.4,12.8209,0.1948,2.3761,3.1043
1.183495999999991,770.984,747.083496,745.9,44.8323,1,1.2544,0.4393
1.7723743000001377,851.2153,824.8276256999999,826.6,27.4354,0.612,1.5634,0.6674
2.1199841999999762,1052.9618,1020.319984,1018.2,4.8887,0.109,2.0692,1.3517
3.5112471999998434,1650.8888,1599.711247,1596.2,20.6246,0.46,6.1171,9.8227
1.1058733999999504,782.6686,758.4058733999999,757.3,15.6685,0.1129,1.3638,0.4922
2.152888300000086,1285.0907,1245.252888,1243.1,32.2822,0.2327,2.0643,2.0085
2.795400299999983,1469.1387,1423.5954,1420.8,28.3151,0.2041,3.5472,4.5109
3.4058144,549.9424,532.8941856,536.3,17.1305,0.1235,7.1206,1.2688
3.5226707999999007,774.5332,750.5226707999999,747,59.9706,1,1.3444,0.4752
6.568620500000009,489.5445,474.3686205,467.8,11.1966,0.1867,2.4661,0.3482
9.106834599999956,1543.3366,1495.493165,1504.6,13.77,0.2296,3.7303,5.235
10.51485660000003,841.5014,815.4148566,804.9,16.0029,0.2668,1.4932,0.623
7.068574200000057,1428.9282,1384.631426,1391.7,98.8011,0.154,4.7025,5.6571
8.649085699999887,1580.4447,1531.450914,1540.1,170.6488,0.2659,4.4117,6.4926
16.326468500000146,1248.0635,1209.373532,1225.7,187.4062,0.292,1.6798,1.5416
16.65342880000003,1392.3152,1349.153429,1332.5,641.7541,1,6.758,7.7186
3.1103284999999232,769.8765,746.0103284999999,742.9,66.1744,1,1.3049,0.4557
7.545066200000065,561.4602,544.0549338,551.6,10.0512,0.1519,6.9117,1.2837
18.460507699999994,942.9933,913.7605077,895.3,44.3879,0.6708,1.537,0.8053
0.5683918000001995,1447.5422,1402.668392,1402.1,291.7794,0.5976,5.0684,6.2572
9.406678799999781,1411.5652,1367.8066787999999,1358.4,488.2766,1,7.7232,9.0667
10.807216899999958,1581.5199,1532.492783,1543.3,228.131,0.4672,5.0453,7.4351
11.89505179999992,1513.3178,1466.404948,1478.3,272.7331,0.5586,2.6873,3.626
2.8948292000000038,782.9668,758.6948292,755.8,21.0002,0.2971,1.1944,0.4314
7.9318338000000495,881.5602,854.2318338,846.3,24.7374,0.35,3.2509,1.4885
12.151877400000103,1482.8154,1436.848123,1449,7.3434,0.1039,4.1589,5.3877
12.705299800000034,808.6742,783.6052998,770.9,19.9127,0.2817,1.4033,0.5407
1.3005757999999332,799.2782,774.5005758,773.2,13.3682,0.36,1.338,0.5036
1.497980200000029,1185.5542,1148.80202,1150.3,6.0283,0.1623,1.3757,1.1392
2.010440300000255,1590.7013,1541.3895596999998,1543.4,19.5541,0.5266,5.7462,8.5666
2.983458000000155,1483.918,1437.916542,1440.9,10.1677,0.2738,3.8411,4.9834
3.3553448000000117,1439.4792,1394.855345,1391.5,58.1406,0.1408,3.1661,3.8653
5.665942500000028,1405.9175,1362.334058,1368,120.0746,0.2909,4.3542,5.0709
6.0674553,1389.2337,1346.167455,1340.1,412.7873,1,4.6028,5.2338
6.3748,1450.8,1405.8252,1412.2,89.7783,0.2175,2.4263,3.0089
0.6240757000000485,1656.7347,1605.375924,1606,27.0228,0.7972,6.4691,10.4616
0.7312498000000005,593.7758,575.3687502,576.1,3.95,0.1165,6.7568,1.4036
1.0628738999999996,873.2331,846.1628739,845.1,13.613,0.4016,1.5166,0.6814
2.2880784000001313,1637.8864,1587.111922,1589.4,19.3623,0.5712,5.7007,9.0105
0.7373233999999229,1410.2814,1366.562677,1367.3,324.8913,1,6.5533,7.6793
1.3494307999999364,1426.5732,1382.349431,1381,84.614,0.2604,5.8116,6.9684
1.394857500000171,1250.8825,1212.1051424999998,1213.5,128.1825,0.3945,1.621,1.4944
3.039824200000112,1387.6782,1344.660176,1347.7,126.0437,0.388,3.474,3.9414
8.036659399999962,695.9374,674.3633406,682.4,11.4148,0.1299,5.682,1.6214
8.841745899999978,847.7211,821.4417459,812.6,22.9928,0.2617,1.4,0.5928
9.210231399999998,794.8506,770.2102314,761,87.8451,1,1.5638,0.5821
0.952884,1477.964,1432.1471159999999,1433.1,115.1151,0.2404,2.8159,3.624
3.3764376999997694,1252.0367,1213.2235623000001,1216.6,222.4595,0.4645,2.1439,1.9801
3.5161745000000337,1625.9895,1575.5838254999999,1579.1,155.346,0.3244,5.3368,8.3132
4.936257000000069,1552.153,1504.036257,1499.1,278.6928,0.582,3.6036,5.1151
1.0615672999999788,770.3183,746.4384327,747.5,10.9158,0.1948,1.4296,0.4998
2.740774700000202,1277.5637,1237.9592252999998,1240.7,6.586,0.1175,1.946,1.8714
4.161716800000249,3138.5328,3041.238283,3045.4,33.2055,0.5926,1.091,6.3317
5.8166237000000365,3181.9573,3083.316624,3077.5,11.6031,0.2071,1.0907,6.5063
2.0401544999999714,1532.5695,1485.059846,1487.1,48.8964,0.1659,3.677,5.0885
2.881910699999935,1528.9803,1481.581911,1478.7,294.6539,1,3.5145,4.8409
3.416943100000026,1398.1599,1354.8169431000001,1351.4,252.1548,0.8558,6.4743,7.4569
5.783932399999912,1277.2796,1237.683932,1231.9,45.8304,0.1555,1.8103,1.7401
0.033378,1655.762,1604.433378,1604.4,20.044,0.48,6.4575,10.4307
2.499067500000365,3157.7925,3059.9009324999997,3062.4,23.9082,0.5725,1.0913,6.4118
2.503816500000312,1670.1715,1618.3961834999998,1620.9,21.4845,0.5145,6.3564,10.4468
3.847250699999904,842.1597,816.0527493000001,819.9,18.5597,0.4444,1.4581,0.6093
2.146828499999856,1478.3765,1432.546829,1430.4,127.6198,0.2199,2.9548,3.805
6.088425200000074,1543.1492,1495.311575,1501.4,154.7279,0.2665,3.4049,4.7772
11.32981790000008,1590.9909,1541.670182,1553,580.4837,1,5.2383,7.8122
16.976314400000092,1255.4424,1216.523686,1233.5,158.1899,0.2725,2.1522,1.9986
0.4072143999999298,869.3424,842.3927856,842.8,9.4742,0.1441,1.818,0.8095
0.9809077999998408,1437.8938,1393.3190922000001,1394.3,20.6224,0.3136,2.8154,3.4296
1.5022639000000026,695.4569,673.8977361,675.4,7.231,0.11,5.9431,1.6936
1.6319854000003033,1648.8834,1597.7680145999998,1599.4,17.7168,0.2694,6.5016,10.4148
1.5043279999999868,1258.312,1219.304328,1217.8,109.5904,0.2783,1.9464,1.8158
2.1522116999999525,1527.1907,1479.847788,1482,393.8231,1,3.9353,5.4077
4.491009200000008,1609.8132,1559.908991,1564.4,173.3716,0.4402,5.2062,7.9492
7.589341599999898,1325.0664,1283.989342,1276.4,43.6872,0.1109,2.1695,2.2444
1.4819971000000578,859.8741,833.2180029,834.7,16.0852,0.3531,2.2468,0.9788
2.953384099999994,774.0489,750.0533841,747.1,45.5503,1,1.2719,0.449
5.000436899999954,843.8601,817.7004369,812.7,16.07,0.3528,1.5509,0.6507
6.8055336,1486.1656,1440.094466,1446.9,12.9654,0.2846,2.8856,3.7551
2.0528611999999384,769.0948,745.2528612,743.2,61.3583,1,1.3537,0.4718
3.0435625999998592,3194.5754,3095.543563,3092.5,51.51,0.8395,1.0958,6.5889
4.132216500000027,606.5715,587.7677835,591.9,9.9037,0.1614,7.4945,1.6246
5.1427469,451.8501,437.8427469,432.7,12.7953,0.2085,2.831,0.3406
4.443482800000083,759.2812,735.7434828,731.3,59.5747,0.887,1.2382,0.4206
16.840154499999926,867.4305,840.5401545,823.7,11.4939,0.1711,1.4042,0.6225
19.689088100000163,1320.1351,1279.210912,1298.9,22.5847,0.3363,5.1107,5.2477
21.58082139999999,950.9606,921.4808214,899.9,55.1255,0.8208,1.5806,0.8422
1.1853964000001724,1533.8644,1486.3146035999998,1487.5,446.5895,0.9697,3.5421,4.91
3.9701663000000735,1436.0473,1391.529834,1395.5,459.2576,0.9972,5.7143,6.9431
8.3425806,1417.8974,1373.942581,1365.6,460.5242,1,4.7234,5.5949
11.067745599999853,1260.8176,1221.732254,1232.8,105.8722,0.2299,1.9735,1.8484
0.7861378999999715,774.2891,750.2861379,749.5,6.2629,0.1027,5.3445,1.8878
3.896642300000167,1520.6433,1473.503358,1477.4,32.4706,0.5325,3.6241,4.9374
6.916145899999947,1554.6789,1506.4838541000001,1513.4,14.209,0.233,4.5384,6.463
8.059380600000054,1014.9026,983.4406194,991.5,11.923,0.1955,4.8788,2.9608
1.1687236999998731,1597.1427,1547.631276,1548.8,9.8084,0.1433,6.0273,9.0586
1.9987275999999383,1485.8604,1439.798728,1437.8,8.4232,0.1231,2.8331,3.6853
4.362136299999975,778.0827,753.9621363,749.6,68.4492,1,1.4667,0.5232
4.3883740999999645,1662.2411,1610.711626,1615.1,31.7729,0.4642,6.7157,10.9328
3.2344653999999764,771.0366,747.1344654,743.9,7.6251,0.1251,1.1788,0.4129
19.6551733,754.8557,731.4551733,711.8,46.5656,0.7641,2.192,0.7359
19.94265770000004,890.3433,862.7426577,842.8,60.9415,1,2.1071,0.9841
24.459647600000153,1455.4596,1410.3403523999998,1434.8,8.9921,0.1476,2.276,2.8407
2.2617206999998416,774.4703,750.4617206999999,748.2,71.2529,1,1.197,0.423
10.43938479999997,880.6392,853.3393848,842.9,29.006,0.4071,2.2603,1.0328
12.108116799999948,747.0672,723.9081167999999,711.8,7.4036,0.1039,1.7355,0.5707
12.538830700000062,1471.6603,1426.038831,1413.5,12.485,0.1752,2.6745,3.4128
1.2423588999999993,1398.2019,1354.857641,1356.1,128.2089,0.658,7.5656,8.7143
4.730599099999836,1259.7839,1220.7305990999998,1216,72.3777,0.3715,1.6587,1.551
4.826266799999985,1461.5828,1416.273733,1421.1,27.9006,0.1432,2.3757,2.9901
11.209303200000022,900.1128,872.2093032,861,65.2414,0.3348,1.8077,0.8629
2.1011748000000807,598.4508,579.8988251999999,582,45.2375,0.1919,7.1628,1.5114
10.327053299999989,727.3757,704.8270533,694.5,37.6184,0.1596,2.2893,0.7136
27.247155699999894,1279.4147,1239.752844,1267,43.8161,0.1859,1.9967,1.9257
36.03734929999996,1355.5597,1313.537349,1277.5,235.6786,1,3.3679,3.6463
0.7711203000001206,1462.9813,1417.62888,1418.4,65.5859,0.2994,2.3331,2.9421
1.7405467999999473,1380.5372,1337.740547,1336,181.1197,0.8268,5.123,5.7527
5.126691500000106,1405.7035,1362.126692,1357,52.3454,0.239,9.2478,10.7666
6.5117333,1448.9043,1403.988267,1410.5,42.5162,0.1941,5.9241,7.3274
1.4715228000000025,1476.4412,1430.671523,1429.2,12,0.1565,2.9047,3.7306
2.6157637000000022,771.0173,747.1157637,744.5,22.802,0.2974,1.2979,0.4546
3.7584827999999106,1494.2812,1447.958483,1444.2,71.3412,0.9304,4.0998,5.3936
4.940652299999897,806.6467,781.6406522999999,776.7,76.6778,1,1.3987,0.5362
3.392390300000102,769.1513,745.3076097,748.7,70.9365,1,1.3189,0.4597
6.012279099999887,1496.5039,1450.1122790999998,1444.1,61.8939,0.8725,4.1523,5.479
13.350229000000013,654.541,634.250229,620.9,18.8957,0.2664,3.3219,0.8385
17.789640400000053,886.3884,858.9103596,876.7,11.4146,0.1609,1.7419,0.8064
2.363994400000138,1344.7224,1303.036006,1305.4,46.5776,0.2021,3.3618,3.5817
3.5818406000000778,1617.5626,1567.418159,1571,55.5336,0.241,5.4717,8.4351
3.9246299,1139.7571,1104.42463,1100.5,26.4488,0.1148,1.9908,1.5237
5.553886000000148,1401.294,1357.853886,1352.3,134.3672,0.583,3.4239,3.9612
1.5355324000000792,766.3204,742.5644676,744.1,24.1317,0.351,1.4029,0.4854
2.147875699999986,1486.5347,1440.452124,1442.6,15.2481,0.2218,2.9055,3.7829
2.1911294000001362,1419.3074,1375.3088705999999,1377.5,11.9122,0.1733,3.834,4.5504
6.495231700000204,1577.6107,1528.7047682999998,1535.2,13.9108,0.2024,4.7144,6.9132
3.8377490999998827,1132.1339,1097.037749,1093.2,78.3055,0.2486,1.9495,1.4722
5.685230000000047,1344.67,1302.98523,1297.3,59.323,0.1883,2.703,2.8795
8.687232200000153,1572.0462,1523.3127677999998,1532,57.4168,0.1823,6.4941,9.4558
8.784644500000013,756.6405,733.1846445,724.4,69.8672,0.2218,1.6741,0.5647
2.6706987999999683,770.1452,746.2706988,743.6,38.8357,0.5607,1.2541,0.4382
5.629115899999988,1531.5489,1484.070884,1489.7,10.685,0.1543,4.056,5.6055
6.991225299999996,805.5637,780.5912253,773.6,46.3708,0.6694,1.4165,0.5416
7.797559800000045,1489.7858,1443.60244,1451.4,69.2674,1,5.234,6.8443
4.283958399999847,1430.6336,1386.2839583999998,1382,241.333,0.3379,3.6093,4.3524
8.938501100000167,1229.1419,1191.038501,1182.1,134.2553,0.188,1.8322,1.6309
17.973235699999805,1315.0947,1274.3267643000001,1292.3,76.1541,0.1066,2.7072,2.7586
22.8200504,1386.5016,1343.52005,1320.7,714.2433,1,7.0242,7.9559
4.7728077,1470.3067,1424.727192,1429.5,15.2566,0.3138,3.287,4.1866
4.970968699999958,767.4623,743.6709687,738.7,19.5385,0.4019,1.3223,0.4589
5.521550999999818,1505.079,1458.421551,1452.9,7.0082,0.1442,3.2846,4.3838
6.401228700000047,1528.9977,1481.598771,1488,17.0633,0.351,3.8215,5.2637
2.3801730000000134,1482.683,1436.719827,1439.1,352.5735,1,3.5115,4.5483
3.466166,1385.414,1342.466166,1339,75.9604,0.2154,3.1733,3.5886
8.503797500000019,802.3775,777.5037975,769,56.8451,0.1612,1.5455,0.5862
11.15343299999995,1467.857,1422.353433,1411.2,101.112,0.2868,2.7723,3.5193
0.3285937999999078,763.6002,739.9285937999999,739.6,73.2979,1,1.232,0.4232
1.8998637000004237,3180.0827,3081.5001362999997,3083.4,18.982,0.259,1.0905,6.4977
3.7576665000001412,1673.5215,1621.642334,1625.4,21.5344,0.2938,6.4727,10.6807
5.737751800000069,1605.0178,1555.262248,1561,9.2669,0.1264,7.5753,11.4977
2.6151654000000235,1618.6634,1568.4848345999999,1571.1,41.9712,0.4989,6.3988,9.8779
3.8619385999999167,765.0794,741.3619385999999,737.5,84.1352,1,1.2579,0.4338
5.149897300000077,525.7483,509.45010269999995,514.6,43.8268,0.5209,7.2473,1.1803
6.0204612,489.4948,474.3204612,468.3,20.8766,0.2481,2.5703,0.3629
1.2738166999999976,765.1457,741.4261833,742.7,40.6222,0.6821,1.2616,0.4352
2.1672700000000304,927.83,899.06727,896.9,12.2992,0.2065,1.5804,0.8016
2.900878400000238,3186.6864,3087.899122,3090.8,23.4347,0.3935,1.0956,6.5553
4.0103039999999055,1470.784,1425.1896960000001,1429.2,59.5516,1,3.003,3.8274
2.6761999000000287,1657.7129,1606.3238,1609,12.3567,0.1891,6.5523,10.6088
2.725315000000137,1609.365,1559.474685,1562.2,13.9699,0.2138,5.5555,8.4778
3.1555743999999777,769.0976,745.2555744,742.1,24.1557,0.3697,1.2481,0.435
6.1955840999999054,582.1511,564.1044159,570.3,38.4971,0.5892,7.5182,1.5012
2.4047842,3192.1618,3093.2047841999997,3090.8,24.369,0.2524,1.094,6.568
4.848694399999886,781.5776,757.3486943999999,752.5,96.5479,1,1.3468,0.4847
5.169776800000136,1598.7928,1549.230223,1554.4,11.4542,0.1186,4.9257,7.4182
6.958421,588.691,570.441579,577.4,23.3243,0.2416,7.365,1.5038
0.25203190000001996,775.3849,751.3479681,751.6,148.5183,1,1.2113,0.4291
2.2536199999999553,3183.02,3084.34638,3086.6,25.9758,0.1749,1.0896,6.5042
16.92339270000025,1469.8417,1424.2766072999998,1441.2,52.0659,0.3506,2.3561,2.9991
18.495586799999955,1419.3028,1375.304413,1393.8,21.8456,0.1471,2.2605,2.6829
8.4713715,1269.4235,1230.0713715000002,1221.6,3623.1971,0.5164,1.9787,1.8786
28.453298999999788,1400.571,1357.1532989999998,1328.7,4549.1671,0.6484,3.5988,4.1592
52.82263030000013,1168.1913,1131.9773696999998,1184.8,1300.1586,0.1853,1.1972,0.9626
58.76969740000004,1415.9646,1372.069697,1313.3,7016.0553,1,6.8868,8.1353
2.9991807999999764,1405.6768,1362.100819,1365.1,3547.2639,1,5.1911,6.0434
3.4117504999999255,1396.6855,1353.38825,1356.8,2362.628,0.666,5.9805,6.8736
5.612053599999854,1345.0856,1303.3879464000001,1309,2200.4945,0.6203,6.8177,7.2676
10.325578999999834,1424.691,1380.5255789999999,1370.2,631.602,0.1781,7.6573,9.1573
1.6755470000000514,1370.563,1328.0755470000001,1326.4,3954.1733,1,3.7452,4.145
2.682233700000097,1595.6473,1546.182234,1543.5,676.6315,0.1711,5.6105,8.4163
8.901845099999946,1400.5179,1357.101845,1348.2,1555.1493,0.3933,9.7321,11.2469
11.745131299999912,1490.5623,1444.354869,1456.1,499.5635,0.1263,2.6692,3.4941
10.804824199999985,1497.3218,1450.904824,1440.1,1243.9149,0.2669,2.4815,3.2779
24.71455209999999,1364.7209,1322.414552,1297.7,499.9275,0.1073,7.3756,8.0935
25.741384400000015,1588.5876,1539.341384,1513.6,3040.2082,0.6524,5.8965,8.7673
46.015285400000266,1296.8166,1256.6152854000002,1210.6,2143.9609,0.4601,3.044,3.0162
3.4303097999998045,1484.9642,1438.9303097999998,1435.5,781.9551,0.2048,2.7185,3.5319
15.4907762,1585.1298,1535.9907761999998,1520.5,2479.5062,0.6495,6.2426,9.2416
2.5386771999999382,1360.6412,1318.461323,1321,1246.2177,0.5693,4.8816,5.3247
18.33549479999988,1271.1708,1231.764505,1250.1,575.0396,0.2627,2.173,2.0688
23.532001200000195,1321.8452,1280.867999,1304.4,322.7491,0.1474,2.1094,2.1715
3.0441096999999218,777.6513,753.5441096999999,750.5,140.1562,0.27,1.2569,0.4478
3.898954999999887,1490.195,1443.9989549999998,1440.1,74.5457,0.1436,2.8723,3.7581
4.463067300000148,1376.8183,1334.1369326999998,1338.6,519.0938,1,6.1622,6.8824
4.594032200000015,794.8462,770.2059677999999,774.8,82.1746,0.1583,6.0045,2.2351
0.5193097999999736,1134.0358,1098.8806902000001,1099.4,153.8408,0.1635,2.3034,1.7453
0.7647769000000153,743.7201,720.6647769,719.9,121.3553,0.1289,1.2827,0.418
1.0120561999999609,1330.2498,1289.012056,1288,941.1341,1,7.9873,8.3276
1.6834916000000248,1220.4164,1182.5834916000001,1180.9,405.0937,0.4304,1.8006,1.5801
2.2416577999999845,848.8562,822.5416577999999,820.3,54.8696,0.5164,1.7568,0.7458
2.462240100000031,783.5271,759.2377599,761.7,40.1939,0.3783,1.3755,0.4975
5.365620000000035,1635.02,1584.33438,1589.7,18.102,0.1704,6.806,10.7199
6.274279200000137,1482.0168,1436.074279,1429.8,12.8497,0.1209,4.6687,6.0416
3.7182804999999917,1395.6845,1352.418281,1348.7,462.4784,0.1651,8.3208,9.5498
9.911142600000176,1587.6046,1538.3888573999998,1548.3,382.2762,0.1365,4.8953,7.2696
14.847267500000044,1439.9925,1395.352733,1410.2,291.1236,0.1039,2.2881,2.7954
17.331250000000068,681.25,660.13125,642.8,380.2788,0.1357,6.7538,1.8468
1.457946100000072,1587.4531,1538.242054,1539.7,17.6269,0.3256,6.5249,9.6879
2.119303599999739,1640.1644,1589.3193035999998,1587.2,18.0357,0.3331,6.2735,9.9434
4.901605000000018,782.045,757.801605,752.9,54.1423,1,1.3381,0.4822
7.442585699999881,1518.9447,1471.857414,1479.3,5.8522,0.1081,3.3334,4.5313
1.372645299999931,1591.2563,1541.927355,1543.3,15.8742,0.2323,6.448,9.6196
2.116316999999981,779.893,755.716317,753.6,68.3273,1,1.356,0.4859
3.1817321,1669.0591,1617.318268,1620.5,18.5343,0.2713,6.451,10.5882
7.5549292000000605,1435.8668,1391.354929,1383.8,8.5464,0.1251,2.2149,2.6905
1.0185774000001402,1678.5154,1626.4814225999999,1627.5,9.589,0.1387,6.6901,11.1053
1.1348649999999907,1072.585,1039.334865,1038.2,6.9275,0.1002,1.9067,1.2924
1.3690484999999626,1544.7565,1496.869049,1495.5,36.8945,0.5336,3.6394,5.1168
2.0772389000001112,1598.6819,1549.122761,1551.2,10.3849,0.1502,6.182,9.309
1.4716323999999759,809.4204,784.3283676,785.8,81.4682,1,1.3611,0.5254
8.710739100000012,497.8439,482.4107391,473.7,17.2341,0.2115,2.432,0.3551
